material,shader_guid,shader_asset,shader_name_text
Assets/2DTextures/Icons/mmPoint.mat,,,
Assets/2DTextures/Materials/intro.mat,,,
Assets/Animations/Player/Materials/EyesMaterial.mat,0000000000000000f000000000000000,,
Assets/Animations/Player/Materials/eye_ball.mat,,,
Assets/Animations/Player/Materials/pupil.mat,,,
Assets/Animations/Player/Materials/SkinMaterial.mat,0000000000000000f000000000000000,,
Assets/Animations/Player/Materials/skin_002.mat,,,
Assets/Animations/Player/Materials/SuitMaterial.mat,0000000000000000f000000000000000,,
Assets/Animations/Player/Materials/TeethMaterial.mat,0000000000000000f000000000000000,,
Assets/Animations/Player/Materials/TongueMaterial.mat,0000000000000000f000000000000000,,
Assets/Animations/Player/Spells/AreaAttack/Materials/Beta_Body_MAT.mat,,,
Assets/Animations/Player/Spells/AreaAttack/Materials/Beta_Joints_MAT.mat,,,
Assets/Animations/Player/Spells/NormalAttack/Materials/Beta_Body_MAT.mat,,,
Assets/Animations/Player/Spells/NormalAttack/Materials/Beta_Joints_MAT.mat,,,
Assets/Animations/Player/Spells/StandingIdle/Materials/Beta_Body_MAT.mat,,,
Assets/Animations/Player/Spells/StandingIdle/Materials/Beta_Joints_MAT.mat,,,
Assets/Materials/BlurBehind.mat,,,
Assets/Materials/Terrain.mat,,,
Assets/Materials/Spells/Aoe.mat,,,
Assets/Materials/Spells/Fire Smoke.mat,,,
Assets/Materials/Spells/Flame 1.mat,,,
Assets/Materials/Spells/Flame.mat,,,
Assets/Models/AQUAS-Lite/Materials/AQUAS_Lite_Water.mat,,,
Assets/Models/AQUAS-Lite/Models/Materials/WaterSimpleDaylight.mat,,,
Assets/Models/Characters/Broomstick/Materials/Tex_0076_0.mat,,,
Assets/Models/Characters/Broomstick/Materials/Tex_0079_0.mat,,,
Assets/Models/Characters/male_01.fbm/Materials/male_01_tshirt_casa2.mat,,,
Assets/Models/Characters/male_01.fbm/Materials/male_01_tshirt_casa3.mat,,,
Assets/Models/Characters/male_01.fbm/Materials/male_01_tshirt_casa4.mat,,,
Assets/Models/Characters/Materials/aaaa.mat,,,
Assets/Models/Characters/Materials/blue_eye.mat,,,
Assets/Models/Characters/Materials/classicshoes_texture_diffuse_black.mat,,,
Assets/Models/Characters/Materials/eyebrow010.mat,,,
Assets/Models/Characters/Materials/male02_diffuse_black.mat,,,
Assets/Models/Characters/Materials/male_01_body_casa1.mat,,,
Assets/Models/Characters/Materials/male_01_eyebrown_casa1.mat,,,
Assets/Models/Characters/Materials/male_01_eye_casa1.mat,,,
Assets/Models/Characters/Materials/male_01_hair_casa1.mat,,,
Assets/Models/Characters/Materials/male_01_jeans_casa1.mat,,,
Assets/Models/Characters/Materials/male_01_shoe_casa1.mat,,,
Assets/Models/Characters/Materials/male_01_tshirt_casa1.mat,,,
Assets/Models/Characters/Materials/Material__79.mat,,,
Assets/Models/Characters/Materials/Material__81.mat,,,
Assets/Models/Characters/Materials/Material__82.mat,,,
Assets/Models/Characters/Materials/Material__83.mat,,,
Assets/Models/Characters/Materials/pantalon.mat,,,
Assets/Models/Characters/Materials/Tex_0123_0.mat,,,
Assets/Models/Characters/Materials/Tex_0135_0.mat,,,
Assets/Models/Characters/Materials/Tex_0234_0.mat,,,
Assets/Models/Characters/Materials/Tex_0239_0.mat,,,
Assets/Models/Characters/Materials/Tex_0284_0.mat,,,
Assets/Models/Characters/Materials/Tex_0673_0.mat,,,
Assets/Models/Characters/Materials/Tex_0769_0.mat,,,
Assets/Models/Characters/Materials/Tex_0770_0.mat,,,
Assets/Models/Characters/Materials/Tex_0772_0.mat,,,
Assets/Models/Characters/Materials/Tex_0774_0.mat,,,
Assets/Models/Characters/Materials/Tex_0775_0.mat,,,
Assets/Models/Characters/Materials/Tex_1255_0.mat,,,
Assets/Models/Characters/Materials/Tex_1316_0.mat,,,
Assets/Models/Characters/Materials/Tex_1519_0.mat,,,
Assets/Models/Characters/Materials/Tex_1520_0.mat,,,
Assets/Models/Characters/Materials/Tex_1521_0.mat,,,
Assets/Models/Characters/Materials/Tex_1523_0.mat,,,
Assets/Models/Characters/Materials/Tex_1524_0.mat,,,
Assets/Models/Characters/Materials/Tex_1525_0.mat,,,
Assets/Models/Characters/Materials/Tex_1527_0.mat,,,
Assets/Models/Characters/Materials/young_lightskinned_male_diffuse.mat,,,
Assets/Models/HagridsHut/Materials/HH_DoorPost.mat,,,
Assets/Models/HagridsHut/Materials/HH_ExtBase.mat,,,
Assets/Models/HagridsHut/Materials/HH_ExtDoor.mat,,,
Assets/Models/HagridsHut/Materials/HH_ExtLedge.mat,,,
Assets/Models/HagridsHut/Materials/HH_ExtStep.mat,,,
Assets/Models/HagridsHut/Materials/HH_ExtStone.mat,,,
Assets/Models/HagridsHut/Materials/HH_Extwindow.mat,,,
Assets/Models/HagridsHut/Materials/HH_MossRoof.mat,,,
Assets/Models/HagridsHut/Materials/HH_Roof.mat,,,
Assets/Models/Materials/0053cac4.mat,,,
Assets/Models/Materials/0191fa67.mat,,,
Assets/Models/Materials/022756ea.mat,,,
Assets/Models/Materials/0227f00f.mat,,,
Assets/Models/Materials/0269d017.mat,,,
Assets/Models/Materials/02baa48b.mat,,,
Assets/Models/Materials/03a6e244.mat,,,
Assets/Models/Materials/03c65249.mat,,,
Assets/Models/Materials/03fac227.mat,,,
Assets/Models/Materials/0428fdbd.mat,,,
Assets/Models/Materials/04a48659.mat,,,
Assets/Models/Materials/04a7ef06.mat,,,
Assets/Models/Materials/054299fa.mat,,,
Assets/Models/Materials/057a57b7.mat,,,
Assets/Models/Materials/05dd70c6.mat,,,
Assets/Models/Materials/05e2d4da.mat,,,
Assets/Models/Materials/05e40905.mat,,,
Assets/Models/Materials/06000a0b.mat,,,
Assets/Models/Materials/061f2382.mat,,,
Assets/Models/Materials/062c39ef.mat,,,
Assets/Models/Materials/06439a94.mat,,,
Assets/Models/Materials/0648db83.mat,,,
Assets/Models/Materials/07120d12.mat,,,
Assets/Models/Materials/0713544f.mat,,,
Assets/Models/Materials/075800d4.mat,,,
Assets/Models/Materials/07d604f3.mat,,,
Assets/Models/Materials/08748d13.mat,,,
Assets/Models/Materials/08dba44e.mat,,,
Assets/Models/Materials/090bd93a.mat,,,
Assets/Models/Materials/091ada9a.mat,,,
Assets/Models/Materials/093f663b.mat,,,
Assets/Models/Materials/097a560a.mat,,,
Assets/Models/Materials/098ee61f.mat,,,
Assets/Models/Materials/098faddd.mat,,,
Assets/Models/Materials/099a5596.mat,,,
Assets/Models/Materials/09fb6839.mat,,,
Assets/Models/Materials/0a8a7f0c.mat,,,
Assets/Models/Materials/0ae76602.mat,,,
Assets/Models/Materials/0af565f6.mat,,,
Assets/Models/Materials/0b3f39c3.mat,,,
Assets/Models/Materials/0b921ce6.mat,,,
Assets/Models/Materials/0bf25cf7.mat,,,
Assets/Models/Materials/0c115a13.mat,,,
Assets/Models/Materials/0c22c440.mat,,,
Assets/Models/Materials/0c862f19.mat,,,
Assets/Models/Materials/0d430dc7.mat,,,
Assets/Models/Materials/0d68df6d.mat,,,
Assets/Models/Materials/0d895414.mat,,,
Assets/Models/Materials/0de0c42a.mat,,,
Assets/Models/Materials/0de3dd9c.mat,,,
Assets/Models/Materials/0dfecde0.mat,,,
Assets/Models/Materials/0e33f328.mat,,,
Assets/Models/Materials/0e36fe88.mat,,,
Assets/Models/Materials/0e5d2695.mat,,,
Assets/Models/Materials/0e8c31f1.mat,,,
Assets/Models/Materials/0ec123f0.mat,,,
Assets/Models/Materials/0efcbe28.mat,,,
Assets/Models/Materials/0f3e89e1.mat,,,
Assets/Models/Materials/0ff462ea.mat,,,
Assets/Models/Materials/0ff869d5.mat,,,
Assets/Models/Materials/10058510.mat,,,
Assets/Models/Materials/10a114b1.mat,,,
Assets/Models/Materials/111d4c5e.mat,,,
Assets/Models/Materials/114bc655.mat,,,
Assets/Models/Materials/11719a02.mat,,,
Assets/Models/Materials/11b05400.mat,,,
Assets/Models/Materials/12b936cc.mat,,,
Assets/Models/Materials/1328f6a5.mat,,,
Assets/Models/Materials/13411412.mat,,,
Assets/Models/Materials/13b5d431.mat,,,
Assets/Models/Materials/14317402.mat,,,
Assets/Models/Materials/144ebd22.mat,,,
Assets/Models/Materials/15765d0f.mat,,,
Assets/Models/Materials/1596e7e5.mat,,,
Assets/Models/Materials/16cc8fe7.mat,,,
Assets/Models/Materials/17002612.mat,,,
Assets/Models/Materials/171d399c.mat,,,
Assets/Models/Materials/178eeb1c.mat,,,
Assets/Models/Materials/179ae251.mat,,,
Assets/Models/Materials/17e1e017.mat,,,
Assets/Models/Materials/18c0b96e.mat,,,
Assets/Models/Materials/18e5df41.mat,,,
Assets/Models/Materials/18e894fa.mat,,,
Assets/Models/Materials/190e05a1.mat,,,
Assets/Models/Materials/196ccc97.mat,,,
Assets/Models/Materials/19ad9c2b.mat,,,
Assets/Models/Materials/19bf1da8.mat,,,
Assets/Models/Materials/19fc0d25.mat,,,
Assets/Models/Materials/1a1bb991.mat,,,
Assets/Models/Materials/1a2b3dfb.mat,,,
Assets/Models/Materials/1b2ffc78.mat,,,
Assets/Models/Materials/1b52237a.mat,,,
Assets/Models/Materials/1b67c8eb.mat,,,
Assets/Models/Materials/1bd83164.mat,,,
Assets/Models/Materials/1c21be6b.mat,,,
Assets/Models/Materials/1c79177b.mat,,,
Assets/Models/Materials/1d0afad3.mat,,,
Assets/Models/Materials/1d4a5e44.mat,,,
Assets/Models/Materials/1d5faf26.mat,,,
Assets/Models/Materials/1daa2477.mat,,,
Assets/Models/Materials/1dc1b089.mat,,,
Assets/Models/Materials/1de2b12d.mat,,,
Assets/Models/Materials/1e45f67e.mat,,,
Assets/Models/Materials/1e97fabd.mat,,,
Assets/Models/Materials/1ec81701.mat,,,
Assets/Models/Materials/1edc6d31.mat,,,
Assets/Models/Materials/1ffe5c80.mat,,,
Assets/Models/Materials/2177ad35.mat,,,
Assets/Models/Materials/21871a82.mat,,,
Assets/Models/Materials/21924c9f.mat,,,
Assets/Models/Materials/21a77257.mat,,,
Assets/Models/Materials/21ac9ba6.mat,,,
Assets/Models/Materials/22b76af6.mat,,,
Assets/Models/Materials/233471c7.mat,,,
Assets/Models/Materials/23a0e0d5.mat,,,
Assets/Models/Materials/23bf134d.mat,,,
Assets/Models/Materials/240d4bd1.mat,,,
Assets/Models/Materials/2502b3f9.mat,,,
Assets/Models/Materials/2543667d.mat,,,
Assets/Models/Materials/255d7c02.mat,,,
Assets/Models/Materials/263b9b7d.mat,,,
Assets/Models/Materials/264a3bdb.mat,,,
Assets/Models/Materials/275142c5.mat,,,
Assets/Models/Materials/2796941f.mat,,,
Assets/Models/Materials/28e231a6.mat,,,
Assets/Models/Materials/28f46743.mat,,,
Assets/Models/Materials/290fd2aa.mat,,,
Assets/Models/Materials/2a0b3989.mat,,,
Assets/Models/Materials/2a446a41.mat,,,
Assets/Models/Materials/2a543f2f.mat,,,
Assets/Models/Materials/2a5efa54.mat,,,
Assets/Models/Materials/2a872ba6.mat,,,
Assets/Models/Materials/2abdd154.mat,,,
Assets/Models/Materials/2bdae18b.mat,,,
Assets/Models/Materials/2be66193.mat,,,
Assets/Models/Materials/2c3ea511.mat,,,
Assets/Models/Materials/2c7191be.mat,,,
Assets/Models/Materials/2c779107.mat,,,
Assets/Models/Materials/2d170961.mat,,,
Assets/Models/Materials/2d4d42a8.mat,,,
Assets/Models/Materials/2d4e0f36.mat,,,
Assets/Models/Materials/2d81e78e.mat,,,
Assets/Models/Materials/2d84e22e.mat,,,
Assets/Models/Materials/2e39b4d0.mat,,,
Assets/Models/Materials/2ec8df34.mat,,,
Assets/Models/Materials/2f1556c2.mat,,,
Assets/Models/Materials/2f55d989.mat,,,
Assets/Models/Materials/2f615dd0.mat,,,
Assets/Models/Materials/2fd5bc45.mat,,,
Assets/Models/Materials/3029c322.mat,,,
Assets/Models/Materials/30772467.mat,,,
Assets/Models/Materials/3180d9cd.mat,,,
Assets/Models/Materials/31eebb82.mat,,,
Assets/Models/Materials/33178ad4.mat,,,
Assets/Models/Materials/332021a3.mat,,,
Assets/Models/Materials/341d7902.mat,,,
Assets/Models/Materials/34c15fb8.mat,,,
Assets/Models/Materials/34e15c73.mat,,,
Assets/Models/Materials/34e7e418.mat,,,
Assets/Models/Materials/36a03d40.mat,,,
Assets/Models/Materials/36c21ac1.mat,,,
Assets/Models/Materials/36d24646.mat,,,
Assets/Models/Materials/3703c234.mat,,,
Assets/Models/Materials/371b534a.mat,,,
Assets/Models/Materials/376a0ef5.mat,,,
Assets/Models/Materials/376a70f9.mat,,,
Assets/Models/Materials/378ef1cb.mat,,,
Assets/Models/Materials/37a94041.mat,,,
Assets/Models/Materials/37b8044f.mat,,,
Assets/Models/Materials/37cc5730.mat,,,
Assets/Models/Materials/37e723ae.mat,,,
Assets/Models/Materials/3800ec37.mat,,,
Assets/Models/Materials/381ac43a.mat,,,
Assets/Models/Materials/38443ec5.mat,,,
Assets/Models/Materials/39d7e31a.mat,,,
Assets/Models/Materials/3a2b8734.mat,,,
Assets/Models/Materials/3a7cc098.mat,,,
Assets/Models/Materials/3b8f2dd3.mat,,,
Assets/Models/Materials/3bc5eeaf.mat,,,
Assets/Models/Materials/3bc80c8f.mat,,,
Assets/Models/Materials/3bc9582b.mat,,,
Assets/Models/Materials/3c47ada2.mat,,,
Assets/Models/Materials/3c7e1ba4.mat,,,
Assets/Models/Materials/3cc48583.mat,,,
Assets/Models/Materials/3d75346e.mat,,,
Assets/Models/Materials/3dc39437.mat,,,
Assets/Models/Materials/3df82315.mat,,,
Assets/Models/Materials/3e0c7fd9.mat,,,
Assets/Models/Materials/3e77c731.mat,,,
Assets/Models/Materials/3e92d8c1.mat,,,
Assets/Models/Materials/3ecf9972.mat,,,
Assets/Models/Materials/403fb90a.mat,,,
Assets/Models/Materials/406e3654.mat,,,
Assets/Models/Materials/40bb5a40.mat,,,
Assets/Models/Materials/410931cb.mat,,,
Assets/Models/Materials/41e581f7.mat,,,
Assets/Models/Materials/420634f7.mat,,,
Assets/Models/Materials/4223fd44.mat,,,
Assets/Models/Materials/425981e3.mat,,,
Assets/Models/Materials/426b750f.mat,,,
Assets/Models/Materials/42771467.mat,,,
Assets/Models/Materials/42eb6add.mat,,,
Assets/Models/Materials/437a1ecd.mat,,,
Assets/Models/Materials/439b3f7b.mat,,,
Assets/Models/Materials/43b8ec8d.mat,,,
Assets/Models/Materials/43c7a035.mat,,,
Assets/Models/Materials/43fb535c.mat,,,
Assets/Models/Materials/442c1ea2.mat,,,
Assets/Models/Materials/449d30cd.mat,,,
Assets/Models/Materials/449feff1.mat,,,
Assets/Models/Materials/44ee6ff5.mat,,,
Assets/Models/Materials/4524ae01.mat,,,
Assets/Models/Materials/45715b9a.mat,,,
Assets/Models/Materials/45a5e6b9.mat,,,
Assets/Models/Materials/460732e3.mat,,,
Assets/Models/Materials/46076115.mat,,,
Assets/Models/Materials/469db4e9.mat,,,
Assets/Models/Materials/471b7370.mat,,,
Assets/Models/Materials/475ed934.mat,,,
Assets/Models/Materials/477c4583.mat,,,
Assets/Models/Materials/47b1a42e.mat,,,
Assets/Models/Materials/47b214f1.mat,,,
Assets/Models/Materials/47cb2065.mat,,,
Assets/Models/Materials/497803d0.mat,,,
Assets/Models/Materials/49a99487.mat,,,
Assets/Models/Materials/4a13b38c.mat,,,
Assets/Models/Materials/4a3807c6.mat,,,
Assets/Models/Materials/4a8d39e3.mat,,,
Assets/Models/Materials/4aac5fde.mat,,,
Assets/Models/Materials/4b31f5cd.mat,,,
Assets/Models/Materials/4bc18f9b.mat,,,
Assets/Models/Materials/4c525c0e.mat,,,
Assets/Models/Materials/4c9719ab.mat,,,
Assets/Models/Materials/4d5dff32.mat,,,
Assets/Models/Materials/4e03c250.mat,,,
Assets/Models/Materials/4e11cddb.mat,,,
Assets/Models/Materials/4e1f450a.mat,,,
Assets/Models/Materials/4e83cdc6.mat,,,
Assets/Models/Materials/4ea6001b.mat,,,
Assets/Models/Materials/501d2520.mat,,,
Assets/Models/Materials/509e2144.mat,,,
Assets/Models/Materials/517a8718.mat,,,
Assets/Models/Materials/517aebe0.mat,,,
Assets/Models/Materials/51bcb75a.mat,,,
Assets/Models/Materials/51ef6f09.mat,,,
Assets/Models/Materials/523eeb48.mat,,,
Assets/Models/Materials/526a8d5d.mat,,,
Assets/Models/Materials/52a845e3.mat,,,
Assets/Models/Materials/53264c80.mat,,,
Assets/Models/Materials/5397d42b.mat,,,
Assets/Models/Materials/53f34348.mat,,,
Assets/Models/Materials/53f3c226.mat,,,
Assets/Models/Materials/54a0465c.mat,,,
Assets/Models/Materials/54d9359b.mat,,,
Assets/Models/Materials/55052aac.mat,,,
Assets/Models/Materials/558c09ca.mat,,,
Assets/Models/Materials/55af8d83.mat,,,
Assets/Models/Materials/55f2a2f0.mat,,,
Assets/Models/Materials/56383993.mat,,,
Assets/Models/Materials/56d5c110.mat,,,
Assets/Models/Materials/5847d213.mat,,,
Assets/Models/Materials/585c6d7a.mat,,,
Assets/Models/Materials/5882ab18.mat,,,
Assets/Models/Materials/588e3969.mat,,,
Assets/Models/Materials/597f17b0.mat,,,
Assets/Models/Materials/59a68e0c.mat,,,
Assets/Models/Materials/5a1dd511.mat,,,
Assets/Models/Materials/5a3cc9ce.mat,,,
Assets/Models/Materials/5a595246.mat,,,
Assets/Models/Materials/5a7d9e83.mat,,,
Assets/Models/Materials/5a836d0a.mat,,,
Assets/Models/Materials/5ab7c031.mat,,,
Assets/Models/Materials/5b041adf.mat,,,
Assets/Models/Materials/5b4bcb2e.mat,,,
Assets/Models/Materials/5bfed54e.mat,,,
Assets/Models/Materials/5c2c55eb.mat,,,
Assets/Models/Materials/5c3a839d.mat,,,
Assets/Models/Materials/5c86e6d3.mat,,,
Assets/Models/Materials/5ce23bd1.mat,,,
Assets/Models/Materials/5d187b41.mat,,,
Assets/Models/Materials/5d330d9c.mat,,,
Assets/Models/Materials/5d394802.mat,,,
Assets/Models/Materials/5e6cf5e1.mat,,,
Assets/Models/Materials/5e8c12ad.mat,,,
Assets/Models/Materials/5f0fdde6.mat,,,
Assets/Models/Materials/5fb322a1.mat,,,
Assets/Models/Materials/5fe98af9.mat,,,
Assets/Models/Materials/600c7059.mat,,,
Assets/Models/Materials/607b78f5.mat,,,
Assets/Models/Materials/609c4ed9.mat,,,
Assets/Models/Materials/60ef7de0.mat,,,
Assets/Models/Materials/61650fa9.mat,,,
Assets/Models/Materials/62314048.mat,,,
Assets/Models/Materials/62d343ad.mat,,,
Assets/Models/Materials/631ca005.mat,,,
Assets/Models/Materials/6348b3d0.mat,,,
Assets/Models/Materials/634bf9dc.mat,,,
Assets/Models/Materials/6362072d.mat,,,
Assets/Models/Materials/6381108a.mat,,,
Assets/Models/Materials/63d25632.mat,,,
Assets/Models/Materials/63ee3151.mat,,,
Assets/Models/Materials/640ad7d0.mat,,,
Assets/Models/Materials/643e1959.mat,,,
Assets/Models/Materials/646457fa.mat,,,
Assets/Models/Materials/646c6fef.mat,,,
Assets/Models/Materials/6489bb59.mat,,,
Assets/Models/Materials/648f8a74.mat,,,
Assets/Models/Materials/64ed18af.mat,,,
Assets/Models/Materials/65955a2a.mat,,,
Assets/Models/Materials/65a6016f.mat,,,
Assets/Models/Materials/65b1e5be.mat,,,
Assets/Models/Materials/65cbcd13.mat,,,
Assets/Models/Materials/65deaec7.mat,,,
Assets/Models/Materials/65f13e68.mat,,,
Assets/Models/Materials/661d1236.mat,,,
Assets/Models/Materials/663ab725.mat,,,
Assets/Models/Materials/6674f3c8.mat,,,
Assets/Models/Materials/668030cf.mat,,,
Assets/Models/Materials/668096cb.mat,,,
Assets/Models/Materials/66b9b9e0.mat,,,
Assets/Models/Materials/66c20679.mat,,,
Assets/Models/Materials/66e05b48.mat,,,
Assets/Models/Materials/6707aa52.mat,,,
Assets/Models/Materials/6707c428.mat,,,
Assets/Models/Materials/67188079.mat,,,
Assets/Models/Materials/67dde243.mat,,,
Assets/Models/Materials/68ca7da8.mat,,,
Assets/Models/Materials/69bf7f0f.mat,,,
Assets/Models/Materials/6a1bded3.mat,,,
Assets/Models/Materials/6a22e99f.mat,,,
Assets/Models/Materials/6a39b925.mat,,,
Assets/Models/Materials/6a6cccba.mat,,,
Assets/Models/Materials/6ab8f4a6.mat,,,
Assets/Models/Materials/6ae298cd.mat,,,
Assets/Models/Materials/6c9acd93.mat,,,
Assets/Models/Materials/6d186dc3.mat,,,
Assets/Models/Materials/6de9d36f.mat,,,
Assets/Models/Materials/6e4cf93c.mat,,,
Assets/Models/Materials/6e4d5f7f.mat,,,
Assets/Models/Materials/6e6a37c2.mat,,,
Assets/Models/Materials/6e97c05f.mat,,,
Assets/Models/Materials/6eaea107.mat,,,
Assets/Models/Materials/6f0eccde.mat,,,
Assets/Models/Materials/6f838c0b.mat,,,
Assets/Models/Materials/6f9d1b5e.mat,,,
Assets/Models/Materials/705779e4.mat,,,
Assets/Models/Materials/70a95cb8.mat,,,
Assets/Models/Materials/70ef27a4.mat,,,
Assets/Models/Materials/7103ae44.mat,,,
Assets/Models/Materials/710cc611.mat,,,
Assets/Models/Materials/7143d103.mat,,,
Assets/Models/Materials/71ef6844.mat,,,
Assets/Models/Materials/7257e502.mat,,,
Assets/Models/Materials/727abbd8.mat,,,
Assets/Models/Materials/729d9500.mat,,,
Assets/Models/Materials/72fae69b.mat,,,
Assets/Models/Materials/73909aa4.mat,,,
Assets/Models/Materials/73d649b8.mat,,,
Assets/Models/Materials/73e2ba15.mat,,,
Assets/Models/Materials/741e1a74.mat,,,
Assets/Models/Materials/743afe61.mat,,,
Assets/Models/Materials/744ae727.mat,,,
Assets/Models/Materials/744c3bf1.mat,,,
Assets/Models/Materials/74a30ab5.mat,,,
Assets/Models/Materials/74cea396.mat,,,
Assets/Models/Materials/74d47e04.mat,,,
Assets/Models/Materials/74fa1ff2.mat,,,
Assets/Models/Materials/7560cd87.mat,,,
Assets/Models/Materials/76893522.mat,,,
Assets/Models/Materials/76abb9c7.mat,,,
Assets/Models/Materials/775152fa.mat,,,
Assets/Models/Materials/77592e55.mat,,,
Assets/Models/Materials/77b891c0.mat,,,
Assets/Models/Materials/7809d757.mat,,,
Assets/Models/Materials/7815445f.mat,,,
Assets/Models/Materials/785fa8b2.mat,,,
Assets/Models/Materials/78958070.mat,,,
Assets/Models/Materials/792ad8cb.mat,,,
Assets/Models/Materials/79a5660a.mat,,,
Assets/Models/Materials/79d76a76.mat,,,
Assets/Models/Materials/7a1c0e8e.mat,,,
Assets/Models/Materials/7a5d1a5c.mat,,,
Assets/Models/Materials/7a7e5560.mat,,,
Assets/Models/Materials/7af8bd45.mat,,,
Assets/Models/Materials/7bd9f734.mat,,,
Assets/Models/Materials/7bf1bb8f.mat,,,
Assets/Models/Materials/7c6d209e.mat,,,
Assets/Models/Materials/7c7dd64c.mat,,,
Assets/Models/Materials/7c9b12b7.mat,,,
Assets/Models/Materials/7ccb3e3e.mat,,,
Assets/Models/Materials/7cff07a2.mat,,,
Assets/Models/Materials/7d115348.mat,,,
Assets/Models/Materials/7dd566e0.mat,,,
Assets/Models/Materials/7dee5e20.mat,,,
Assets/Models/Materials/7e57333e.mat,,,
Assets/Models/Materials/7f53cb47.mat,,,
Assets/Models/Materials/802e82b5.mat,,,
Assets/Models/Materials/8043b488.mat,,,
Assets/Models/Materials/8051a201.mat,,,
Assets/Models/Materials/8076d948.mat,,,
Assets/Models/Materials/8085de4b.mat,,,
Assets/Models/Materials/80b7d5fb.mat,,,
Assets/Models/Materials/80bbb2f5.mat,,,
Assets/Models/Materials/8126058c.mat,,,
Assets/Models/Materials/814eec95.mat,,,
Assets/Models/Materials/8188eff9.mat,,,
Assets/Models/Materials/81a82d9f.mat,,,
Assets/Models/Materials/827f2361.mat,,,
Assets/Models/Materials/82ba5b68.mat,,,
Assets/Models/Materials/8351975d.mat,,,
Assets/Models/Materials/836b431d.mat,,,
Assets/Models/Materials/837c8515.mat,,,
Assets/Models/Materials/83a7a99f.mat,,,
Assets/Models/Materials/83e59b83.mat,,,
Assets/Models/Materials/841f1134.mat,,,
Assets/Models/Materials/8484ab1a.mat,,,
Assets/Models/Materials/852a0fcb.mat,,,
Assets/Models/Materials/853e72ab.mat,,,
Assets/Models/Materials/85b4967f.mat,,,
Assets/Models/Materials/85c87b54.mat,,,
Assets/Models/Materials/85d24731.mat,,,
Assets/Models/Materials/8738b075.mat,,,
Assets/Models/Materials/87498f3b.mat,,,
Assets/Models/Materials/8820a023.mat,,,
Assets/Models/Materials/88985b3f.mat,,,
Assets/Models/Materials/88b8633a.mat,,,
Assets/Models/Materials/891e998b.mat,,,
Assets/Models/Materials/8934beb0.mat,,,
Assets/Models/Materials/893a6178.mat,,,
Assets/Models/Materials/89608c2d.mat,,,
Assets/Models/Materials/89c3db4f.mat,,,
Assets/Models/Materials/89d99081.mat,,,
Assets/Models/Materials/8a3948c0.mat,,,
Assets/Models/Materials/8af44c23.mat,,,
Assets/Models/Materials/8bedbaa6.mat,,,
Assets/Models/Materials/8d0f7d81.mat,,,
Assets/Models/Materials/8d2f4862.mat,,,
Assets/Models/Materials/8dfacde2.mat,,,
Assets/Models/Materials/8e3a5c14.mat,,,
Assets/Models/Materials/8ef0a478.mat,,,
Assets/Models/Materials/8f1a8c3f.mat,,,
Assets/Models/Materials/8f382283.mat,,,
Assets/Models/Materials/8f9607dd.mat,,,
Assets/Models/Materials/8f9d099f.mat,,,
Assets/Models/Materials/8fa017fd.mat,,,
Assets/Models/Materials/902d6894.mat,,,
Assets/Models/Materials/90301940.mat,,,
Assets/Models/Materials/9080292c.mat,,,
Assets/Models/Materials/90891bc8.mat,,,
Assets/Models/Materials/908e68e5.mat,,,
Assets/Models/Materials/9106b8aa.mat,,,
Assets/Models/Materials/912d9535.mat,,,
Assets/Models/Materials/922e8de0.mat,,,
Assets/Models/Materials/92b17a91.mat,,,
Assets/Models/Materials/93802d96.mat,,,
Assets/Models/Materials/944363cd.mat,,,
Assets/Models/Materials/9456a5ab.mat,,,
Assets/Models/Materials/945e883b.mat,,,
Assets/Models/Materials/94b15b17.mat,,,
Assets/Models/Materials/951c64b2.mat,,,
Assets/Models/Materials/96744192.mat,,,
Assets/Models/Materials/96857b69.mat,,,
Assets/Models/Materials/971439fb.mat,,,
Assets/Models/Materials/97a3085a.mat,,,
Assets/Models/Materials/97b94e4f.mat,,,
Assets/Models/Materials/9823f1be.mat,,,
Assets/Models/Materials/9878e2f4.mat,,,
Assets/Models/Materials/98f90a34.mat,,,
Assets/Models/Materials/99143c89.mat,,,
Assets/Models/Materials/993512aa.mat,,,
Assets/Models/Materials/99658ef8.mat,,,
Assets/Models/Materials/9970e891.mat,,,
Assets/Models/Materials/99ab582b.mat,,,
Assets/Models/Materials/99d9ee5a.mat,,,
Assets/Models/Materials/9a0351ff.mat,,,
Assets/Models/Materials/9bbc4467.mat,,,
Assets/Models/Materials/9be5b64b.mat,,,
Assets/Models/Materials/9c13b70c.mat,,,
Assets/Models/Materials/9ca3ecbf.mat,,,
Assets/Models/Materials/9d13fba8.mat,,,
Assets/Models/Materials/9d3b54ad.mat,,,
Assets/Models/Materials/9d4f6202.mat,,,
Assets/Models/Materials/9e5f153f.mat,,,
Assets/Models/Materials/a059b6be.mat,,,
Assets/Models/Materials/a0de8460.mat,,,
Assets/Models/Materials/a0f80f5a.mat,,,
Assets/Models/Materials/a10d61af.mat,,,
Assets/Models/Materials/a113edbf.mat,,,
Assets/Models/Materials/a1b940f5.mat,,,
Assets/Models/Materials/a259f92d.mat,,,
Assets/Models/Materials/a2625562.mat,,,
Assets/Models/Materials/a49568f2.mat,,,
Assets/Models/Materials/a54fdd30.mat,,,
Assets/Models/Materials/a5798531.mat,,,
Assets/Models/Materials/a5a18d00.mat,,,
Assets/Models/Materials/a6053c88.mat,,,
Assets/Models/Materials/a64874d9.mat,,,
Assets/Models/Materials/a6b2cbe1.mat,,,
Assets/Models/Materials/a6bfdc30.mat,,,
Assets/Models/Materials/a70efba9.mat,,,
Assets/Models/Materials/a71c0a85.mat,,,
Assets/Models/Materials/a7cec7db.mat,,,
Assets/Models/Materials/a80c621b.mat,,,
Assets/Models/Materials/a8166866.mat,,,
Assets/Models/Materials/a830d4c4.mat,,,
Assets/Models/Materials/a83cb599.mat,,,
Assets/Models/Materials/a8b87910.mat,,,
Assets/Models/Materials/a8f18502.mat,,,
Assets/Models/Materials/a9967ff6.mat,,,
Assets/Models/Materials/a9d0650b.mat,,,
Assets/Models/Materials/a9d67b8d.mat,,,
Assets/Models/Materials/a9dd6b2e.mat,,,
Assets/Models/Materials/aa1b7b55.mat,,,
Assets/Models/Materials/aa287d44.mat,,,
Assets/Models/Materials/aa8da643.mat,,,
Assets/Models/Materials/aab060d4.mat,,,
Assets/Models/Materials/aaba2016.mat,,,
Assets/Models/Materials/aaeb322f.mat,,,
Assets/Models/Materials/ab9708ce.mat,,,
Assets/Models/Materials/ab9dee6e.mat,,,
Assets/Models/Materials/abc1fc82.mat,,,
Assets/Models/Materials/abeab4fb.mat,,,
Assets/Models/Materials/ac50ef31.mat,,,
Assets/Models/Materials/ac6fea56.mat,,,
Assets/Models/Materials/ac94fdd4.mat,,,
Assets/Models/Materials/acb8ebe9.mat,,,
Assets/Models/Materials/ad245b58.mat,,,
Assets/Models/Materials/ad95fbf3.mat,,,
Assets/Models/Materials/adbbc6d3.mat,,,
Assets/Models/Materials/ade6021b.mat,,,
Assets/Models/Materials/ae2572cb.mat,,,
Assets/Models/Materials/ae27cd6e.mat,,,
Assets/Models/Materials/ae4ce0be.mat,,,
Assets/Models/Materials/ae978fed.mat,,,
Assets/Models/Materials/aeaceeb0.mat,,,
Assets/Models/Materials/aecd0781.mat,,,
Assets/Models/Materials/af2702a1.mat,,,
Assets/Models/Materials/af3dd351.mat,,,
Assets/Models/Materials/af4fce0e.mat,,,
Assets/Models/Materials/af826e18.mat,,,
Assets/Models/Materials/afd7d058.mat,,,
Assets/Models/Materials/b0aeb4a1.mat,,,
Assets/Models/Materials/b0e40eb7.mat,,,
Assets/Models/Materials/b0e82701.mat,,,
Assets/Models/Materials/b0fa9a78.mat,,,
Assets/Models/Materials/b1dcbe00.mat,,,
Assets/Models/Materials/b1ee8eb0.mat,,,
Assets/Models/Materials/b23aec38.mat,,,
Assets/Models/Materials/b2761d3c.mat,,,
Assets/Models/Materials/b2929688.mat,,,
Assets/Models/Materials/b2989e22.mat,,,
Assets/Models/Materials/b29a713e.mat,,,
Assets/Models/Materials/b2a05e77.mat,,,
Assets/Models/Materials/b31a724d.mat,,,
Assets/Models/Materials/b34436e7.mat,,,
Assets/Models/Materials/b3642284.mat,,,
Assets/Models/Materials/b39bee9c.mat,,,
Assets/Models/Materials/b3e58ba3.mat,,,
Assets/Models/Materials/b4609529.mat,,,
Assets/Models/Materials/b5489da4.mat,,,
Assets/Models/Materials/b587b52c.mat,,,
Assets/Models/Materials/b5a3f659.mat,,,
Assets/Models/Materials/b5b791a8.mat,,,
Assets/Models/Materials/b6350b5d.mat,,,
Assets/Models/Materials/b654ee16.mat,,,
Assets/Models/Materials/b704137d.mat,,,
Assets/Models/Materials/b7ae9d85.mat,,,
Assets/Models/Materials/b896a294.mat,,,
Assets/Models/Materials/b8c55e69.mat,,,
Assets/Models/Materials/b9284dfa.mat,,,
Assets/Models/Materials/b99cd7fa.mat,,,
Assets/Models/Materials/b9da6be0.mat,,,
Assets/Models/Materials/b9ef309c.mat,,,
Assets/Models/Materials/ba35a9e4.mat,,,
Assets/Models/Materials/ba8d4644.mat,,,
Assets/Models/Materials/ba8ede11.mat,,,
Assets/Models/Materials/bab80c05.mat,,,
Assets/Models/Materials/babaf5bc.mat,,,
Assets/Models/Materials/babead70.mat,,,
Assets/Models/Materials/bb50197e.mat,,,
Assets/Models/Materials/bb644b7c.mat,,,
Assets/Models/Materials/bb8d8085.mat,,,
Assets/Models/Materials/bb9824de.mat,,,
Assets/Models/Materials/bba41458.mat,,,
Assets/Models/Materials/bbd2c5c8.mat,,,
Assets/Models/Materials/bc3bfa53.mat,,,
Assets/Models/Materials/bc4b73cb.mat,,,
Assets/Models/Materials/bcc52f98.mat,,,
Assets/Models/Materials/bcc887f0.mat,,,
Assets/Models/Materials/bd3058a0.mat,,,
Assets/Models/Materials/bd3fe470.mat,,,
Assets/Models/Materials/bd741eab.mat,,,
Assets/Models/Materials/bdaeca59.mat,,,
Assets/Models/Materials/bdb2d447.mat,,,
Assets/Models/Materials/bdc0d6ac.mat,,,
Assets/Models/Materials/bddb0d5d.mat,,,
Assets/Models/Materials/be6a5722.mat,,,
Assets/Models/Materials/be8e4446.mat,,,
Assets/Models/Materials/bf69b749.mat,,,
Assets/Models/Materials/bf7100e8.mat,,,
Assets/Models/Materials/bfb4556e.mat,,,
Assets/Models/Materials/bfba6063.mat,,,
Assets/Models/Materials/bfbd6ace.mat,,,
Assets/Models/Materials/c00c7805.mat,,,
Assets/Models/Materials/c03eb049.mat,,,
Assets/Models/Materials/c07b3bff.mat,,,
Assets/Models/Materials/c0b42586.mat,,,
Assets/Models/Materials/c10dc264.mat,,,
Assets/Models/Materials/c11f0968.mat,,,
Assets/Models/Materials/c1a1bfc6.mat,,,
Assets/Models/Materials/c1ad63bc.mat,,,
Assets/Models/Materials/c1d8ce4f.mat,,,
Assets/Models/Materials/c1ebac77.mat,,,
Assets/Models/Materials/c203b3b1.mat,,,
Assets/Models/Materials/c2caf9a0.mat,,,
Assets/Models/Materials/c302b8f6.mat,,,
Assets/Models/Materials/c309b064.mat,,,
Assets/Models/Materials/c347726b.mat,,,
Assets/Models/Materials/c38974cc.mat,,,
Assets/Models/Materials/c44e47c7.mat,,,
Assets/Models/Materials/c48a04ed.mat,,,
Assets/Models/Materials/c4e4a5f5.mat,,,
Assets/Models/Materials/c4f88784.mat,,,
Assets/Models/Materials/c6959a70.mat,,,
Assets/Models/Materials/c69dd250.mat,,,
Assets/Models/Materials/c74125f1.mat,,,
Assets/Models/Materials/c748f765.mat,,,
Assets/Models/Materials/c76f6894.mat,,,
Assets/Models/Materials/c78a3d6c.mat,,,
Assets/Models/Materials/c7a67183.mat,,,
Assets/Models/Materials/c88f2911.mat,,,
Assets/Models/Materials/c94c25ee.mat,,,
Assets/Models/Materials/c9cea001.mat,,,
Assets/Models/Materials/ca771e65.mat,,,
Assets/Models/Materials/ca94944c.mat,,,
Assets/Models/Materials/cad8942e.mat,,,
Assets/Models/Materials/cb13b92b.mat,,,
Assets/Models/Materials/cbe586de.mat,,,
Assets/Models/Materials/cc649c36.mat,,,
Assets/Models/Materials/cc7217bd.mat,,,
Assets/Models/Materials/ccaad188.mat,,,
Assets/Models/Materials/cccf0739.mat,,,
Assets/Models/Materials/cce5ea8f.mat,,,
Assets/Models/Materials/cd580070.mat,,,
Assets/Models/Materials/cd739b03.mat,,,
Assets/Models/Materials/cd8b9af5.mat,,,
Assets/Models/Materials/cd9da42d.mat,,,
Assets/Models/Materials/cdcb089a.mat,,,
Assets/Models/Materials/cdfd7530.mat,,,
Assets/Models/Materials/ce097e8f.mat,,,
Assets/Models/Materials/ce5243fb.mat,,,
Assets/Models/Materials/ce730f97.mat,,,
Assets/Models/Materials/ce804b3a.mat,,,
Assets/Models/Materials/ce8d5199.mat,,,
Assets/Models/Materials/cfdd0eaa.mat,,,
Assets/Models/Materials/d06163a0.mat,,,
Assets/Models/Materials/d0a1cc1c.mat,,,
Assets/Models/Materials/d0dc7cc1.mat,,,
Assets/Models/Materials/d0dd0ea2.mat,,,
Assets/Models/Materials/d197191d.mat,,,
Assets/Models/Materials/d1f8d6ed.mat,,,
Assets/Models/Materials/d2160af5.mat,,,
Assets/Models/Materials/d266da0b.mat,,,
Assets/Models/Materials/d37a421b.mat,,,
Assets/Models/Materials/d3dedd03.mat,,,
Assets/Models/Materials/d43c2ac3.mat,,,
Assets/Models/Materials/d45bf670.mat,,,
Assets/Models/Materials/d46abf70.mat,,,
Assets/Models/Materials/d4735f9f.mat,,,
Assets/Models/Materials/d5285e22.mat,,,
Assets/Models/Materials/d69d406b.mat,,,
Assets/Models/Materials/d8306ad6.mat,,,
Assets/Models/Materials/d95b3280.mat,,,
Assets/Models/Materials/d9c8d901.mat,,,
Assets/Models/Materials/d9d23174.mat,,,
Assets/Models/Materials/da01f132.mat,,,
Assets/Models/Materials/da1eec83.mat,,,
Assets/Models/Materials/da2378ad.mat,,,
Assets/Models/Materials/dabb32b7.mat,,,
Assets/Models/Materials/dba13d2b.mat,,,
Assets/Models/Materials/dbc34f59.mat,,,
Assets/Models/Materials/dbdf6d41.mat,,,
Assets/Models/Materials/dbf37d08.mat,,,
Assets/Models/Materials/dc82d936.mat,,,
Assets/Models/Materials/dcd07a1e.mat,,,
Assets/Models/Materials/dd75b7b0.mat,,,
Assets/Models/Materials/dd838e91.mat,,,
Assets/Models/Materials/dd93fbaa.mat,,,
Assets/Models/Materials/df63ad3b.mat,,,
Assets/Models/Materials/dfa39fa5.mat,,,
Assets/Models/Materials/dfd9ed29.mat,,,
Assets/Models/Materials/dff92d45.mat,,,
Assets/Models/Materials/DrawCall_1386_1Mat.mat,,,
Assets/Models/Materials/e0286f0d.mat,,,
Assets/Models/Materials/e055359c.mat,,,
Assets/Models/Materials/e0d16ca7.mat,,,
Assets/Models/Materials/e11d848b.mat,,,
Assets/Models/Materials/e150d2ac.mat,,,
Assets/Models/Materials/e22ecfe7.mat,,,
Assets/Models/Materials/e291b23a.mat,,,
Assets/Models/Materials/e2b5af4c.mat,,,
Assets/Models/Materials/e34f6473.mat,,,
Assets/Models/Materials/e38d4530.mat,,,
Assets/Models/Materials/e3fb0f7b.mat,,,
Assets/Models/Materials/e416cb4c.mat,,,
Assets/Models/Materials/e5b6e66c.mat,,,
Assets/Models/Materials/e653ac0d.mat,,,
Assets/Models/Materials/e71c68d2.mat,,,
Assets/Models/Materials/e7742277.mat,,,
Assets/Models/Materials/e7830c09.mat,,,
Assets/Models/Materials/e7f54a61.mat,,,
Assets/Models/Materials/e88945ab.mat,,,
Assets/Models/Materials/e8fb148e.mat,,,
Assets/Models/Materials/e9ba9752.mat,,,
Assets/Models/Materials/e9bdf7e9.mat,,,
Assets/Models/Materials/ea8b2efc.mat,,,
Assets/Models/Materials/eafaa782.mat,,,
Assets/Models/Materials/eb51ac22.mat,,,
Assets/Models/Materials/eb7ac8fe.mat,,,
Assets/Models/Materials/ebb6e7e9.mat,,,
Assets/Models/Materials/ec12364f.mat,,,
Assets/Models/Materials/ec467e2e.mat,,,
Assets/Models/Materials/ec79de48.mat,,,
Assets/Models/Materials/ec7d4219.mat,,,
Assets/Models/Materials/ed20127d.mat,,,
Assets/Models/Materials/ed46cdfc.mat,,,
Assets/Models/Materials/ed66c59b.mat,,,
Assets/Models/Materials/edd3b08a.mat,,,
Assets/Models/Materials/ee0c05d4.mat,,,
Assets/Models/Materials/ee0e5b73.mat,,,
Assets/Models/Materials/ee5ccd07.mat,,,
Assets/Models/Materials/eea5bde1.mat,,,
Assets/Models/Materials/eeabc6e4.mat,,,
Assets/Models/Materials/eed5158a.mat,,,
Assets/Models/Materials/ef67b1e8.mat,,,
Assets/Models/Materials/ef92fca6.mat,,,
Assets/Models/Materials/ef969358.mat,,,
Assets/Models/Materials/efca9be9.mat,,,
Assets/Models/Materials/efd3d200.mat,,,
Assets/Models/Materials/eff16686.mat,,,
Assets/Models/Materials/f0194a74.mat,,,
Assets/Models/Materials/f06a9fe8.mat,,,
Assets/Models/Materials/f0f4f1a8.mat,,,
Assets/Models/Materials/f10d326f.mat,,,
Assets/Models/Materials/f1325d01.mat,,,
Assets/Models/Materials/f1a3f8a4.mat,,,
Assets/Models/Materials/f257f3ba.mat,,,
Assets/Models/Materials/f2ddb915.mat,,,
Assets/Models/Materials/f3d63e5c.mat,,,
Assets/Models/Materials/f3dfe334.mat,,,
Assets/Models/Materials/f44bf7cc.mat,,,
Assets/Models/Materials/f45786af.mat,,,
Assets/Models/Materials/f4bbd44b.mat,,,
Assets/Models/Materials/f5934cdd.mat,,,
Assets/Models/Materials/f5b61ccf.mat,,,
Assets/Models/Materials/f5db2501.mat,,,
Assets/Models/Materials/f5eefc52.mat,,,
Assets/Models/Materials/f62c44c9.mat,,,
Assets/Models/Materials/f69a37f3.mat,,,
Assets/Models/Materials/f6b8de2a.mat,,,
Assets/Models/Materials/f727b13e.mat,,,
Assets/Models/Materials/f73a48eb.mat,,,
Assets/Models/Materials/f7b4b077.mat,,,
Assets/Models/Materials/f7c3f391.mat,,,
Assets/Models/Materials/f86dfea5.mat,,,
Assets/Models/Materials/f88e357f.mat,,,
Assets/Models/Materials/f891d76c.mat,,,
Assets/Models/Materials/f89d7e7c.mat,,,
Assets/Models/Materials/f90f874b.mat,,,
Assets/Models/Materials/f9d860cf.mat,,,
Assets/Models/Materials/fa39123b.mat,,,
Assets/Models/Materials/fa6b25ca.mat,,,
Assets/Models/Materials/fa9e2d78.mat,,,
Assets/Models/Materials/fae40fef.mat,,,
Assets/Models/Materials/fb1084c0.mat,,,
Assets/Models/Materials/fb1d0935.mat,,,
Assets/Models/Materials/fb4eb240.mat,,,
Assets/Models/Materials/fbad1b3f.mat,,,
Assets/Models/Materials/fbe0864e.mat,,,
Assets/Models/Materials/fc269be6.mat,,,
Assets/Models/Materials/fc31a466.mat,,,
Assets/Models/Materials/fc7f7dd1.mat,,,
Assets/Models/Materials/fce66424.mat,,,
Assets/Models/Materials/fda7f385.mat,,,
Assets/Models/Materials/fdf55b79.mat,,,
Assets/Models/Materials/fe50a2b9.mat,,,
Assets/Models/Materials/fea4b9ec.mat,,,
Assets/Models/Materials/fec1bb7c.mat,,,
Assets/Models/Materials/fef2b0b4.mat,,,
Assets/Models/Materials/ff22a717.mat,,,
Assets/Models/Materials/ff4e0f0d.mat,,,
Assets/Models/Materials/ff5ea592.mat,,,
Assets/Models/Materials/ff84caae.mat,,,
Assets/Models/Materials/lambert1.mat,,,
Assets/Models/Materials/Mesh_0011Mat.mat,,,
Assets/Models/Materials/Mesh_0013Mat.mat,,,
Assets/Models/Materials/Mesh_0016Mat.mat,,,
Assets/Models/Materials/Mesh_0075Mat.mat,,,
Assets/Models/Materials/Mesh_0079Mat.mat,,,
Assets/Models/Materials/Mesh_0080Mat.mat,,,
Assets/Models/Materials/Mesh_0082Mat.mat,,,
Assets/Models/Materials/Mesh_0154Mat.mat,,,
Assets/Models/Materials/Mesh_0167Mat.mat,,,
Assets/Models/Materials/Metal.mat,,,
Assets/Models/Materials/swm.mat,,,
Assets/Models/Materials/Trail.mat,,,
Assets/Models/NPCs/Monster/spider/Materials/spider_01.mat,,,
Assets/Models/NPCs/Monster/spider/Materials/spider_black.mat,,,
Assets/Models/Objs/mw_props_01.mat,,,
Assets/Models/Objs/mw_props_02.mat,,,
Assets/Models/Quidditch Stadium/Materials/1dd1fef9.mat,,,
Assets/Models/Quidditch Stadium/Materials/1dd6a1a5.mat,,,
Assets/Models/Quidditch Stadium/Materials/253dfe6b.mat,,,
Assets/Models/Quidditch Stadium/Materials/28ac6d21.mat,,,
Assets/Models/Quidditch Stadium/Materials/480f02e6.mat,,,
Assets/Models/Quidditch Stadium/Materials/4abb53e1.mat,,,
Assets/Models/Quidditch Stadium/Materials/50f2e681.mat,,,
Assets/Models/Quidditch Stadium/Materials/56f16b5e.mat,,,
Assets/Models/Quidditch Stadium/Materials/5d3dc7c2.mat,,,
Assets/Models/Quidditch Stadium/Materials/61e6e318.mat,,,
Assets/Models/Quidditch Stadium/Materials/65079cbb.mat,,,
Assets/Models/Quidditch Stadium/Materials/734f5188.mat,,,
Assets/Models/Quidditch Stadium/Materials/73e75b7c.mat,,,
Assets/Models/Quidditch Stadium/Materials/75c17a42.mat,,,
Assets/Models/Quidditch Stadium/Materials/770f1403.mat,,,
Assets/Models/Quidditch Stadium/Materials/8ae604cb.mat,,,
Assets/Models/Quidditch Stadium/Materials/91f0f5e8.mat,,,
Assets/Models/Quidditch Stadium/Materials/a9341862.mat,,,
Assets/Models/Quidditch Stadium/Materials/ceaf86e3.mat,,,
Assets/Models/Quidditch Stadium/Materials/e2cf9e92.mat,,,
Assets/Models/Quidditch Stadium/Materials/ecf06ed2.mat,,,
Assets/Models/Quidditch Stadium/Materials/f381e745.mat,,,
Assets/Models/Quidditch Stadium/Materials/f45dd839.mat,,,
Assets/Models/Quidditch Stadium/Textures/1dd6a1a5.mat,,,
Assets/Models/Quidditch Stadium/Textures/253dfe6b.mat,,,
Assets/Models/Quidditch Stadium/Textures/28ac6d21.mat,,,
Assets/Models/Quidditch Stadium/Textures/3ea62cb3.mat,,,
Assets/Models/Quidditch Stadium/Textures/61e6e318.mat,,,
Assets/Models/Quidditch Stadium/Textures/daf7344c.mat,,,
Assets/Models/Quidditch Stadium/Textures/e2cf9e92.mat,,,
Assets/Models/Quidditch Stadium/Textures/f381e745.mat,,,
Assets/Models/Quidditch Stadium/Textures/ff011821.mat,,,
Assets/Resources/Items/Weapon/Wand/Wand_01/Materials/Mat - Textura por defecto.mat,,,
Assets/Resources/Items/Weapon/Wand/Wand_02/Materials/__PS_3D_Default - Textura por defecto.mat,,,
Assets/Resources/Items/Weapon/Wand/Wand_03/Materials/__PS_3D_Default - Textura por defecto2.mat,,,
Assets/Resources/Items/Weapon/Wand/Wand_04/Materials/__PS_3D_Default - Textura por defecto.mat,,,
Assets/Resources/Items/Weapon/Wand/Wand_05/Materials/__PS_3D_Default - Textura por defecto.mat,,,
Assets/Scripts/Externals/Highlighting System/HighlightingSystemDemo/Assets/Materials/GroundBlack.mat,0000000000000000f000000000000000,,
Assets/Scripts/Externals/Highlighting System/HighlightingSystemDemo/Assets/Materials/GroundWhite.mat,0000000000000000f000000000000000,,
Assets/Scripts/Externals/Highlighting System/HighlightingSystemDemo/Assets/Materials/No Name.mat,0000000000000000f000000000000000,,
Assets/Scripts/Externals/Highlighting System/HighlightingSystemDemo/Assets/Materials/Polyhedron.mat,0000000000000000f000000000000000,,
Assets/Scripts/Externals/Highlighting System/HighlightingSystemDemo/Assets/Materials/Robot_Color_Mobile.mat,0000000000000000f000000000000000,,
Assets/Scripts/Externals/Highlighting System/HighlightingSystemDemo/Assets/Materials/Transparent.mat,0000000000000000f000000000000000,,
Assets/Scripts/Externals/Highlighting System/HighlightingSystemDemo/Assets/Materials/TransparentCutout.mat,0000000000000000e000000000000000,Assets\Standard Assets\Effects\CinematicEffects(BETA)\AmbientOcclusion\AmbientOcclusion.cs,
Assets/Scripts/SimpleLUT/demoimagematerial.mat,,,
Assets/Scripts/SimpleLUT/demoimagematerial2.mat,,,
Assets/Standard Assets/red.mat,,,
Assets/Standard Assets/3rd Party Samplers/SpeedTree/Broadleaf_Desktop Materials/Billboard.mat,,,
Assets/Standard Assets/3rd Party Samplers/SpeedTree/Broadleaf_Desktop Materials/LOD0/Branches_0.mat,,,
Assets/Standard Assets/3rd Party Samplers/SpeedTree/Broadleaf_Desktop Materials/LOD0/Branches_1.mat,,,
Assets/Standard Assets/3rd Party Samplers/SpeedTree/Broadleaf_Desktop Materials/LOD0/FacingLeaves_4.mat,,,
Assets/Standard Assets/3rd Party Samplers/SpeedTree/Broadleaf_Desktop Materials/LOD0/Fronds_2.mat,,,
Assets/Standard Assets/3rd Party Samplers/SpeedTree/Broadleaf_Desktop Materials/LOD0/Leaves_3.mat,,,
Assets/Standard Assets/3rd Party Samplers/SpeedTree/Broadleaf_Desktop Materials/LOD1/Branches_0.mat,,,
Assets/Standard Assets/3rd Party Samplers/SpeedTree/Broadleaf_Desktop Materials/LOD1/Branches_1.mat,,,
Assets/Standard Assets/3rd Party Samplers/SpeedTree/Broadleaf_Desktop Materials/LOD1/FacingLeaves_4.mat,,,
Assets/Standard Assets/3rd Party Samplers/SpeedTree/Broadleaf_Desktop Materials/LOD1/Fronds_2.mat,,,
Assets/Standard Assets/3rd Party Samplers/SpeedTree/Broadleaf_Desktop Materials/LOD1/Leaves_3.mat,,,
Assets/Standard Assets/3rd Party Samplers/SpeedTree/Broadleaf_Desktop Materials/LOD2/Branches_0.mat,,,
Assets/Standard Assets/3rd Party Samplers/SpeedTree/Broadleaf_Desktop Materials/LOD2/Branches_1.mat,,,
Assets/Standard Assets/3rd Party Samplers/SpeedTree/Broadleaf_Desktop Materials/LOD2/FacingLeaves_4.mat,,,
Assets/Standard Assets/3rd Party Samplers/SpeedTree/Broadleaf_Desktop Materials/LOD2/Fronds_2.mat,,,
Assets/Standard Assets/3rd Party Samplers/SpeedTree/Broadleaf_Desktop Materials/LOD2/Leaves_3.mat,,,
Assets/Standard Assets/3rd Party Samplers/SpeedTree/Broadleaf_Mobile Materials/Billboard.mat,,,
Assets/Standard Assets/3rd Party Samplers/SpeedTree/Broadleaf_Mobile Materials/LOD0/Branches_0.mat,,,
Assets/Standard Assets/3rd Party Samplers/SpeedTree/Broadleaf_Mobile Materials/LOD0/Leaves_1.mat,,,
Assets/Standard Assets/3rd Party Samplers/SpeedTree/Broadleaf_Mobile Materials/LOD1/Branches_0.mat,,,
Assets/Standard Assets/3rd Party Samplers/SpeedTree/Broadleaf_Mobile Materials/LOD1/Leaves_1.mat,,,
Assets/Standard Assets/3rd Party Samplers/SpeedTree/Broadleaf_Mobile Materials/LOD2/Branches_0.mat,,,
Assets/Standard Assets/3rd Party Samplers/SpeedTree/Broadleaf_Mobile Materials/LOD2/Leaves_1.mat,,,
Assets/Standard Assets/3rd Party Samplers/SpeedTree/Conifer_Desktop Materials/Billboard.mat,,,
Assets/Standard Assets/3rd Party Samplers/SpeedTree/Conifer_Desktop Materials/LOD0/Branches_0.mat,,,
Assets/Standard Assets/3rd Party Samplers/SpeedTree/Conifer_Desktop Materials/LOD0/Branches_1.mat,,,
Assets/Standard Assets/3rd Party Samplers/SpeedTree/Conifer_Desktop Materials/LOD0/Fronds_2.mat,,,
Assets/Standard Assets/3rd Party Samplers/SpeedTree/Conifer_Desktop Materials/LOD0/Leaves_3.mat,,,
Assets/Standard Assets/3rd Party Samplers/SpeedTree/Conifer_Desktop Materials/LOD1/Branches_0.mat,,,
Assets/Standard Assets/3rd Party Samplers/SpeedTree/Conifer_Desktop Materials/LOD1/Branches_1.mat,,,
Assets/Standard Assets/3rd Party Samplers/SpeedTree/Conifer_Desktop Materials/LOD1/Fronds_2.mat,,,
Assets/Standard Assets/3rd Party Samplers/SpeedTree/Conifer_Desktop Materials/LOD1/Leaves_3.mat,,,
Assets/Standard Assets/3rd Party Samplers/SpeedTree/Conifer_Desktop Materials/LOD2/Branches_0.mat,,,
Assets/Standard Assets/3rd Party Samplers/SpeedTree/Conifer_Desktop Materials/LOD2/Branches_1.mat,,,
Assets/Standard Assets/3rd Party Samplers/SpeedTree/Conifer_Desktop Materials/LOD2/Leaves_3.mat,,,
Assets/Standard Assets/3rd Party Samplers/SpeedTree/Materials/diamondMat.mat,,,
Assets/Standard Assets/3rd Party Samplers/SpeedTree/Palm_Desktop Materials/Billboard.mat,,,
Assets/Standard Assets/3rd Party Samplers/SpeedTree/Palm_Desktop Materials/LOD0/Branches_0.mat,,,
Assets/Standard Assets/3rd Party Samplers/SpeedTree/Palm_Desktop Materials/LOD0/Branches_1.mat,,,
Assets/Standard Assets/3rd Party Samplers/SpeedTree/Palm_Desktop Materials/LOD0/Fronds_2.mat,,,
Assets/Standard Assets/3rd Party Samplers/SpeedTree/Palm_Desktop Materials/LOD0/Leaves_3.mat,,,
Assets/Standard Assets/3rd Party Samplers/SpeedTree/Palm_Desktop Materials/LOD1/Branches_0.mat,,,
Assets/Standard Assets/3rd Party Samplers/SpeedTree/Palm_Desktop Materials/LOD1/Fronds_2.mat,,,
Assets/Standard Assets/3rd Party Samplers/SpeedTree/Palm_Desktop Materials/LOD1/Leaves_3.mat,,,
Assets/Standard Assets/3rd Party Samplers/SpeedTree/Palm_Desktop Materials/LOD2/Branches_0.mat,,,
Assets/Standard Assets/3rd Party Samplers/SpeedTree/Palm_Desktop Materials/LOD2/Fronds_2.mat,,,
Assets/Standard Assets/Characters/RollerBall/Materials/RollerBallGrey.mat,0000000000000000f000000000000000,,
Assets/Standard Assets/Characters/RollerBall/Materials/RollerBallWhite.mat,0000000000000000f000000000000000,,
Assets/Standard Assets/Characters/ThirdPersonCharacter/Materials/EthanGrey.mat,0000000000000000f000000000000000,,
Assets/Standard Assets/Characters/ThirdPersonCharacter/Materials/EthanWhite.mat,0000000000000000f000000000000000,,
Assets/Standard Assets/Effects/GlassRefraction/Materials/GlassRefractive.mat,963484209d11fd7f110076aa44295342,Assets\Standard Assets\Effects\GlassRefraction\Shaders\GlassStainedBumpDistort.shader,
Assets/Standard Assets/Effects/LightFlares/Materials/Flare50mm.mat,0000000000000000f000000000000000,,
Assets/Standard Assets/Effects/Projectors/Materials/GridProjector.mat,c0ace1ca4bc0718448acf798c93d52d9,Assets\Standard Assets\Effects\Projectors\Shaders\ProjectorLight.shader,
Assets/Standard Assets/Effects/Projectors/Materials/LightProjector.mat,c0ace1ca4bc0718448acf798c93d52d9,Assets\Standard Assets\Effects\Projectors\Shaders\ProjectorLight.shader,
Assets/Standard Assets/Effects/Projectors/Materials/ShadowProjector.mat,01a668cc78047034a8a0c5ca2d24c6f7,Assets\Standard Assets\Effects\Projectors\Shaders\ProjectorMultiply.shader,
Assets/Standard Assets/Effects/TessellationShaders/Materials/TesselatedBumpSpecular.mat,0000000000000000f000000000000000,,
Assets/Standard Assets/Effects/TessellationShaders/Materials/TesselatedBumpSpecularDisplacement.mat,0a4b0bce1e250a14bb534d70bce205fa,Assets\Standard Assets\Effects\TessellationShaders\Shaders\BumpedSpecularDisplacement.shader,
Assets/Standard Assets/Effects/TessellationShaders/Materials/TesselatedBumpSpecularSmooth.mat,3954501323f24464f9e4418c78d8e8ce,Assets\Standard Assets\Effects\TessellationShaders\Shaders\BumpedSpecularSmooth.shader,
Assets/Standard Assets/Effects/ToonShading/Materials/ToonBasic.mat,d84268709d11078d11005b9844295342,Assets\Standard Assets\Effects\ToonShading\Shaders\ToonBasic.shader,
Assets/Standard Assets/Effects/ToonShading/Materials/ToonBasicOutline.mat,9ce107479d11178d11005b9844295342,Assets\Standard Assets\Effects\ToonShading\Shaders\ToonBasicOutline.shader,
Assets/Standard Assets/Effects/ToonShading/Materials/ToonLit.mat,48dca5b99d113b8d11006bab44295342,Assets\Standard Assets\Effects\ToonShading\Shaders\ToonLit.shader,
Assets/Standard Assets/Effects/ToonShading/Materials/ToonLitOutline.mat,054a31a99d11e49d110086ba44295342,Assets\Standard Assets\Effects\ToonShading\Shaders\ToonLitOutline.shader,
Assets/Standard Assets/Skyboxes/DawnDusk Skybox.mat,,,
Assets/Standard Assets/Skyboxes/Eerie Skybox.mat,,,
Assets/Standard Assets/Skyboxes/MoonShine Skybox.mat,,,
Assets/Standard Assets/Skyboxes/Overcast1 Skybox.mat,,,
Assets/Standard Assets/Skyboxes/Overcast2 Skybox.mat,,,
Assets/Standard Assets/Skyboxes/StarryNight Skybox.mat,,,
Assets/Standard Assets/Skyboxes/Sunny1 Skybox.mat,,,
Assets/Standard Assets/Skyboxes/Sunny2 Skybox.mat,,,
Assets/Standard Assets/Skyboxes/Sunny3 Skybox.mat,,,
Assets/Standard Assets/Textures/Water.mat,,,
Assets/Standard Assets/Tree Creator/Sources/Materials/BigTree_bark.mat,,,
Assets/Standard Assets/Tree Creator/Sources/Materials/BigTree_branches.mat,,,
Assets/Standard Assets/Tree Creator/Sources/Materials/BigTree_leaves.mat,,,
